{
	"credit": "Made with Blockbench",
	"texture_size": [32, 32],
	"textures": {
		"0": "block/daylight_detector_side4",
		"particle": "block/daylight_detector_side1"
	},
	"elements": [
		{
			"from": [6, 1, -0.01],
			"to": [10, 5, -0.01],
			"faces": {
				"north": {"uv": [6, 11, 10, 15], "texture": "#0","cullface": "north"},
				"east": {"uv": [0, 0, 0, 2], "texture": "#missing"},
				"south": {"uv": [0, 0, 3, 2], "texture": "#missing"},
				"west": {"uv": [0, 0, 0, 2], "texture": "#missing"},
				"up": {"uv": [0, 0, 3, 0], "texture": "#missing"},
				"down": {"uv": [0, 0, 3, 0], "texture": "#missing"}
			}
		},
		{
			"from": [6, 1, 16.01],
			"to": [10, 5, 16.01],
			"faces": {
				"south": {"uv": [6, 11, 10, 15], "texture": "#0","cullface": "south"}
			}
		},
		{
			"from": [-0.01, 1, 6],
			"to": [-0.01, 5, 10],
			"faces": {
				"north": {"uv": [0, 0, 0, 2], "texture": "#missing"},
				"east": {"uv": [5, 11, 11, 15], "texture": "#missing"},
				"south": {"uv": [0, 0, 0, 2], "texture": "#missing"},
				"west": {"uv": [6, 11, 10, 15], "texture": "#0","cullface": "west"},
				"up": {"uv": [0, 0, 3, 0], "rotation": 90, "texture": "#missing"},
				"down": {"uv": [0, 0, 3, 0], "rotation": 270, "texture": "#missing"}
			}
		},
		{
			"from": [16.01, 1, 6],
			"to": [16.01, 5, 10],
			"faces": {
				"east": {"uv": [6, 11, 10, 15], "texture": "#0","cullface": "east"}
			}
		},
		{
			"from": [6, -0.01, 6],
			"to": [10, -0.01, 10],
			"faces": {
				"north": {"uv": [0, 0, 2.5, 0], "texture": "#missing"},
				"east": {"uv": [0, 0, 2.5, 0], "texture": "#missing"},
				"south": {"uv": [0, 0, 2.5, 0], "texture": "#missing"},
				"west": {"uv": [0, 0, 2.5, 0], "texture": "#missing"},
				"up": {"uv": [0, 0, 2.5, 2.5], "texture": "#missing"},
				"down": {"uv": [6, 11, 10, 15], "texture": "#0","cullface": "down"}
			}
		},
		{
			"from": [6, 6.01, 6],
			"to": [10, 6.01, 10],
			"faces": {
				"north": {"uv": [0, 0, 2.5, 0], "texture": "#missing"},
				"east": {"uv": [0, 0, 2.5, 0], "texture": "#missing"},
				"south": {"uv": [0, 0, 2.5, 0], "texture": "#missing"},
				"west": {"uv": [0, 0, 2.5, 0], "texture": "#missing"},
				"up": {"uv": [6, 11, 10, 15], "texture": "#0","cullface": "up"},
				"down": {"uv": [6, 11, 10, 15], "texture": "#missing"}
			}
		}
	],
	"display": {}
}