{
    "credit": "Made with opl's Model Creator by ExperimentalIdea (a.k.a Duke or Dukecool15)",
    "ambientocclusion": true,
    "textures": {
        "texture": "block/ladder",
        "particle": "block/ladder"
    },
    "elements": [
        {
            "from": [1,13,15],
            "to": [15,15,15.5],
            "faces": {
                "up": {
                    "uv": [1,14.5,15,15],
                    "texture": "#texture"
                },
                "down": {
                    "uv": [1,14.5,15,15],
                    "texture": "#texture"
                },
                "west": {
                    "uv": [14.5,1,15,3],
                    "texture": "#texture"
                },
                "east": {
                    "uv": [1,1,1.5,3],
                    "texture": "#texture"
                },
                "north": {
                    "texture": "#texture"
                },
                "south": {
                    "texture": "#texture"
                }
            }
        },
        {
            "from": [3,0,15.5],
            "to": [5,16,16],
            "faces": {
                "up": {
                    "uv": [12,0,14,0.5],
                    "texture": "#texture"
                },
                "down": {
                    "uv": [12,15.5,14,16],
                    "texture": "#texture"
                },
                "west": {
                    "uv": [12,0,12.5,16],
                    "texture": "#texture"
                },
                "east": {
                    "uv": [3.5,0,4,16],
                    "texture": "#texture"
                },
                "north": {
                    "uv": [12,0,14,16],
                    "texture": "#texture"
                },
                "south": {
                    "uv": [12,0,14,16],
                    "texture": "#texture"
                }
            }
        },
        {
            "from": [1,9,15],
            "to": [15,11,15.5],
            "faces": {
                "up": {
                    "uv": [1,10.5,15,11],
                    "texture": "#texture"
                },
                "down": {
                    "uv": [1,10.5,15,11],
                    "texture": "#texture"
                },
                "west": {
                    "uv": [14.5,5,15,7],
                    "texture": "#texture"
                },
                "east": {
                    "uv": [1,5,1.5,7],
                    "texture": "#texture"
                },
                "north": {
                    "texture": "#texture"
                },
                "south": {
                    "texture": "#texture"
                }
            }
        },
        {
            "from": [1,5,15],
            "to": [15,7,15.5],
            "faces": {
                "up": {
                    "uv": [1,6.5,15,7],
                    "texture": "#texture"
                },
                "down": {
                    "uv": [1,6.5,15,7],
                    "texture": "#texture"
                },
                "west": {
                    "uv": [14.5,9,15,11],
                    "texture": "#texture"
                },
                "east": {
                    "uv": [1,9,1.5,11],
                    "texture": "#texture"
                },
                "north": {
                    "texture": "#texture"
                },
                "south": {
                    "texture": "#texture"
                }
            }
        },
        {
            "from": [1,1,15],
            "to": [15,3,15.5],
            "faces": {
                "up": {
                    "uv": [1,2.5,15,3],
                    "texture": "#texture"
                },
                "down": {
                    "uv": [1,2.5,15,3],
                    "texture": "#texture"
                },
                "west": {
                    "uv": [14.5,13,15,15],
                    "texture": "#texture"
                },
                "east": {
                    "uv": [1,13,1.5,15],
                    "texture": "#texture"
                },
                "north": {
                    "texture": "#texture"
                },
                "south": {
                    "texture": "#texture"
                }
            }
        },
        {
            "from": [11,0,15.5],
            "to": [13,16,16],
            "faces": {
                "up": {
                    "uv": [12,0,14,0.5],
                    "texture": "#texture"
                },
                "down": {
                    "uv": [12,15.5,14,16],
                    "texture": "#texture"
                },
                "west": {
                    "uv": [12,0,12.5,16],
                    "texture": "#texture"
                },
                "east": {
                    "uv": [13.5,0,14,16],
                    "texture": "#texture"
                },
                "north": {
                    "uv": [2,0,4,16],
                    "texture": "#texture"
                },
                "south": {
                    "uv": [2,0,4,16],
                    "texture": "#texture"
                }
            }
        }
    ]
}