{
  "multipart": [
    {"when":{"inverted":"false"},
     "apply":{"model":"block/daylight_detector"}
    },
    {"when":{"inverted":"true"},
     "apply":{"model":"block/daylight_detector_inverted"}
    },
    {"when":{"power":"0"},
    "apply":{"model":"block/daylight_detector0"}
   },
    {"when":{"power":"1"},
    "apply":{"model":"block/daylight_detector1"}
   },
   {"when":{"power":"2"},
    "apply":{"model":"block/daylight_detector2"}
   },
   {"when":{"power":"3"},
    "apply":{"model":"block/daylight_detector3"}
   },
   {"when":{"power":"4"},
    "apply":{"model":"block/daylight_detector4"}
   },
   {"when":{"power":"5"},
    "apply":{"model":"block/daylight_detector5"}
   },
   {"when":{"power":"6"},
    "apply":{"model":"block/daylight_detector6"}
   },
   {"when":{"power":"7"},
    "apply":{"model":"block/daylight_detector7"}
   },
   {"when":{"power":"8"},
    "apply":{"model":"block/daylight_detector8"}
   },
   {"when":{"power":"9"},
    "apply":{"model":"block/daylight_detector9"}
   },
   {"when":{"power":"10"},
    "apply":{"model":"block/daylight_detector10"}
   },
   {"when":{"power":"11"},
    "apply":{"model":"block/daylight_detector11"}
   },
   {"when":{"power":"12"},
    "apply":{"model":"block/daylight_detector12"}
   },
   {"when":{"power":"13"},
    "apply":{"model":"block/daylight_detector13"}
   },
   {"when":{"power":"14"},
    "apply":{"model":"block/daylight_detector14"}
   },
   {"when":{"power":"15"},
    "apply":{"model":"block/daylight_detector15"}
   }
  ]
}