{
  "schemaVersion": 2,
  "type": "square-textured",
  "textures": {
    "top": "fabricskyboxes:sky/cloud1_top.png",
    "bottom": "fabricskyboxes:sky/cloud1_bottom.png",
    "north": "fabricskyboxes:sky/cloud1_north.png",
    "south": "fabricskyboxes:sky/cloud1_south.png",
    "east": "fabricskyboxes:sky/cloud1_east.png",
    "west": "fabricskyboxes:sky/cloud1_west.png"
  },
  "properties": {
    "fade": {
      "startFadeIn": 23500,
      "endFadeIn": 0,
      "startFadeOut": 11833,
      "endFadeOut": 12666
    },
    "shouldRotate": false,
    "rotation": {
      "axis": [
        0.0,
        -36.0,
        0.0
      ]
    }
  },
  "conditions": {
    "worlds": [
      "minecraft:overworld"
    ]
  },
    "blend": {
	"type": "screen"
  }
  
}